study,status,run,physics,family,seed,objective,min_speed,limit_heading,limit_roll,limit_pitch,limit_surfacing,servo_dps,budget,feasible,speed_m_s,bl_s,power_W,cot_J_m,freq_Hz,duty,heading_rms,roll_rms,pitch_rms,impulse_lift_Ns,impulse_drag_Ns,peak_joint_speed_dps,torque_sat,surfacing,nearest_family,deviation
free_phase_servo,valid,results_servo\s1,drag,free,1,speed,,10,10,15,,400,4000,True,0.163,0.682,2.885,17.7,1.134,0.386,1.56,6.49,11.66,0.0,0.087,399.0,0.779,0.0,fb,0.201
free_phase_servo,valid,results_servo\s2,drag,free,2,speed,,10,10,15,,400,4000,True,0.107,0.448,2.371,22.16,1.126,0.623,7.44,6.28,5.59,0.0,0.047,398.0,0.379,0.0,fb,0.153
free_phase_servo,valid,results_servo\s3,drag,free,3,speed,,10,10,15,,400,4000,True,0.251,1.05,3.885,15.48,1.178,0.749,4.8,8.59,12.83,0.0,0.113,434.0,0.352,0.0,fb,0.12
families_speed,valid,results_families\diag_s1,drag,diag,1,speed,,10,10,15,,400,2500,True,0.3777,1.58,9.836,26.04,2.377,0.61,0.53,0.64,2.13,0.0,0.118,415.0,1.0,0.0,diag,0.0
families_speed,valid,results_families\diag_s2,drag,diag,2,speed,,10,10,15,,400,2500,True,0.2885,1.207,12.996,45.05,1.52,0.735,2.63,4.39,14.17,0.0,0.043,450.0,1.0,0.0,diag,0.0
families_speed,valid,results_families\diag_s3,drag,diag,3,speed,,10,10,15,,400,2500,True,0.3658,1.531,11.528,31.51,1.555,0.739,0.6,2.41,14.99,0.0,0.158,482.0,1.0,0.488,diag,0.0
families_speed,valid,results_families\fb_s1,drag,fb,1,speed,,10,10,15,,400,2500,True,0.4742,1.984,11.648,24.56,2.496,0.516,0.0,0.0,14.83,0.0,0.298,402.0,1.0,0.006,fb,0.0
families_speed,valid,results_families\fb_s2,drag,fb,2,speed,,10,10,15,,400,2500,True,0.5178,2.167,15.219,29.39,2.493,0.737,0.0,0.0,13.89,0.0,0.196,440.0,1.0,0.096,fb,0.0
families_speed,valid,results_families\fb_s3,drag,fb,3,speed,,10,10,15,,400,2500,True,0.4498,1.882,11.536,25.65,2.483,0.453,0.0,0.0,14.63,0.0,0.291,427.0,1.0,0.014,fb,0.0
families_speed,valid,results_families\free_s1,drag,free,1,speed,,10,10,15,,400,2500,True,0.1264,0.529,1.103,8.72,1.202,0.368,4.65,5.44,8.65,0.0,0.092,395.0,0.261,0.0,fb,0.193
families_speed,valid,results_families\free_s2,drag,free,2,speed,,10,10,15,,400,2500,True,0.0435,0.182,0.516,11.85,0.502,0.632,5.08,5.85,11.55,0.0,-0.005,362.0,0.0,0.0,inphase,0.07
families_speed,valid,results_families\free_s3,drag,free,3,speed,,10,10,15,,400,2500,True,0.1194,0.5,3.085,25.84,0.865,0.438,5.3,6.22,12.0,0.0,0.031,399.0,0.828,0.0,diag,0.094
families_speed,valid,results_families\inphase_s1,drag,inphase,1,speed,,10,10,15,,400,2500,True,0.3021,1.264,12.203,40.39,2.499,0.747,0.0,0.0,14.98,0.0,0.114,449.0,1.0,0.169,inphase,0.0
families_speed,valid,results_families\inphase_s2,drag,inphase,2,speed,,10,10,15,,400,2500,True,0.2255,0.943,10.548,46.78,2.482,0.277,0.0,0.0,9.66,0.0,0.103,409.0,0.98,0.0,inphase,0.0
families_speed,valid,results_families\inphase_s3,drag,inphase,3,speed,,10,10,15,,400,2500,True,0.2674,1.119,13.325,49.83,2.468,0.396,0.0,0.0,14.38,0.0,0.063,430.0,1.0,0.054,inphase,0.0
families_speed,valid,results_families\lr_s1,drag,lr,1,speed,,10,10,15,,400,2500,True,0.4067,1.702,9.272,22.8,2.495,0.748,8.29,9.96,14.58,0.0,0.195,409.0,1.0,0.0,lr,0.0
families_speed,valid,results_families\lr_s2,drag,lr,2,speed,,10,10,15,,400,2500,True,0.2796,1.17,12.499,44.71,1.791,0.289,9.79,9.88,14.47,0.0,0.163,421.0,1.0,0.0,lr,0.0
families_speed,valid,results_families\lr_s3,drag,lr,3,speed,,10,10,15,,400,2500,True,0.3497,1.463,9.704,27.74,2.488,0.695,5.19,9.98,10.05,0.0,0.194,408.0,1.0,0.0,lr,0.0
families_speed,valid,results_families\wave_s1,drag,wave,1,speed,,10,10,15,,400,2500,True,0.2418,1.012,13.675,56.55,2.118,0.693,2.1,2.99,6.62,0.0,0.052,458.0,1.0,0.0,wave,0.0
families_speed,valid,results_families\wave_s2,drag,wave,2,speed,,10,10,15,,400,2500,True,0.4381,1.833,10.417,23.78,2.492,0.261,7.84,9.9,11.92,0.0,0.236,420.0,1.0,0.0,wave,0.0
families_speed,valid,results_families\wave_s3,drag,wave,3,speed,,10,10,15,,400,2500,True,0.3511,1.469,11.762,33.5,1.385,0.455,3.1,2.42,13.94,0.0,0.065,434.0,1.0,0.0,wave,0.0
families_speed_strict,valid,results_families_lim10-5-5\diag_s1,drag,diag,1,speed,,10.0,5.0,5.0,,400,2500,True,0.1807,0.756,8.453,46.77,1.314,0.588,0.99,2.1,4.91,0.0,0.083,402.0,1.0,0.0,diag,0.0
families_speed_strict,valid,results_families_lim10-5-5\diag_s2,drag,diag,2,speed,,10.0,5.0,5.0,,400,2500,True,0.1628,0.681,4.952,30.41,1.734,0.253,3.29,0.67,4.8,0.0,0.074,399.0,0.5,0.0,diag,0.0
families_speed_strict,valid,results_families_lim10-5-5\fb_s1,drag,fb,1,speed,,10.0,5.0,5.0,,400,2500,True,0.1735,0.726,6.927,39.93,1.746,0.749,0.0,0.0,4.98,0.0,0.065,408.0,1.0,0.0,fb,0.0
families_speed_strict,valid,results_families_lim10-5-5\fb_s2,drag,fb,2,speed,,10.0,5.0,5.0,,400,2500,True,0.145,0.607,3.926,27.07,1.162,0.26,0.0,0.0,4.92,0.0,0.082,402.0,0.95,0.0,fb,0.0
families_speed_strict,valid,results_families_lim10-5-5\free_s1,drag,free,1,speed,,10.0,5.0,5.0,,400,2500,True,0.0664,0.278,3.504,52.79,1.64,0.261,1.73,2.9,4.52,0.0,0.024,400.0,0.316,0.0,inphase,0.129
families_speed_strict,valid,results_families_lim10-5-5\free_s2,drag,free,2,speed,,10.0,5.0,5.0,,400,2500,True,0.0694,0.29,2.536,36.53,1.448,0.642,7.4,1.93,2.41,0.0,0.021,385.0,0.0,0.0,fb,0.14
families_speed_strict,valid,results_families_lim10-5-5\inphase_s1,drag,inphase,1,speed,,10.0,5.0,5.0,,400,2500,True,0.1752,0.733,5.671,32.36,2.008,0.348,0.0,0.0,4.99,0.0,0.086,404.0,0.692,0.0,inphase,0.0
families_speed_strict,valid,results_families_lim10-5-5\inphase_s2,drag,inphase,2,speed,,10.0,5.0,5.0,,400,2500,True,0.1149,0.481,6.526,56.8,2.148,0.38,0.0,0.0,4.97,0.0,0.053,403.0,0.978,0.0,inphase,0.0
families_speed_strict,valid,results_families_lim10-5-5\lr_s1,drag,lr,1,speed,,10.0,5.0,5.0,,400,2500,True,0.2351,0.984,6.677,28.4,2.429,0.75,5.2,4.9,4.84,0.0,0.089,401.0,0.95,0.0,lr,0.0
families_speed_strict,valid,results_families_lim10-5-5\lr_s2,drag,lr,2,speed,,10.0,5.0,5.0,,400,2500,True,0.1477,0.618,8.282,56.07,1.804,0.252,8.99,2.57,4.84,0.0,0.056,408.0,1.0,0.0,lr,0.0
families_speed_strict,valid,results_families_lim10-5-5\wave_s1,drag,wave,1,speed,,10.0,5.0,5.0,,400,2500,True,0.1455,0.609,1.656,11.39,1.094,0.543,8.02,3.66,4.71,0.0,0.071,342.0,0.0,0.0,wave,0.0
families_speed_strict,valid,results_families_lim10-5-5\wave_s2,drag,wave,2,speed,,10.0,5.0,5.0,,400,2500,True,0.2717,1.137,8.448,31.09,2.411,0.743,7.36,4.45,4.18,0.0,0.091,415.0,1.0,0.0,wave,0.0
families_speed_strict,valid,results_families_lim10-5-5_lift\diag_s1,drag+lift,diag,1,speed,,10.0,5.0,5.0,,400,2500,True,0.1213,0.508,2.779,22.9,0.87,0.58,7.13,3.79,4.99,0.683,-0.567,398.0,0.856,0.0,diag,0.0
families_speed_strict,valid,results_families_lim10-5-5_lift\diag_s2,drag+lift,diag,2,speed,,10.0,5.0,5.0,,400,2500,True,0.2212,0.925,1.034,4.68,0.901,0.589,6.53,4.09,4.78,1.729,-1.598,374.0,0.0,0.0,diag,0.0
families_speed_strict,valid,results_families_lim10-5-5_lift\diag_s3,drag+lift,diag,3,speed,,10.0,5.0,5.0,,400,4000,True,0.085,0.356,1.116,13.13,0.699,0.706,3.77,1.56,2.53,0.479,-0.447,397.0,0.393,0.0,diag,0.0
families_speed_strict,valid,results_families_lim10-5-5_lift\fb_s1,drag+lift,fb,1,speed,,10.0,5.0,5.0,,400,2500,True,0.4006,1.676,6.192,15.46,1.888,0.693,0.9,1.06,4.65,5.659,-5.344,399.0,1.0,0.0,fb,0.0
families_speed_strict,valid,results_families_lim10-5-5_lift\fb_s2,drag+lift,fb,2,speed,,10.0,5.0,5.0,,400,2500,True,0.1883,0.788,3.257,17.3,0.962,0.56,0.0,0.0,4.97,1.559,-1.462,398.0,1.0,0.0,fb,0.0
families_speed_strict,valid,results_families_lim10-5-5_lift\free_s1,drag+lift,free,1,speed,,10.0,5.0,5.0,,400,2500,True,0.0674,0.282,0.339,5.03,1.216,0.388,9.79,1.92,1.25,0.263,-0.258,237.0,0.0,0.0,diag,0.168
families_speed_strict,valid,results_families_lim10-5-5_lift\free_s2,drag+lift,free,2,speed,,10.0,5.0,5.0,,400,2500,True,0.0491,0.206,0.425,8.66,1.066,0.437,8.45,2.23,1.49,0.252,-0.269,305.0,0.0,0.0,diag,0.142
families_speed_strict,valid,results_families_lim10-5-5_lift\inphase_s1,drag+lift,inphase,1,speed,,10.0,5.0,5.0,,400,2500,True,0.0728,0.305,3.451,47.38,1.885,0.564,0.0,0.0,4.98,0.529,-0.379,397.0,0.629,0.0,inphase,0.0
families_speed_strict,valid,results_families_lim10-5-5_lift\inphase_s2,drag+lift,inphase,2,speed,,10.0,5.0,5.0,,400,2500,True,0.1632,0.683,4.773,29.25,1.274,0.624,0.0,0.0,4.96,1.433,-1.234,399.0,0.669,0.0,inphase,0.0
families_speed_strict,valid,results_families_lim10-5-5_lift\lr_s1,drag+lift,lr,1,speed,,10.0,5.0,5.0,,400,2500,True,0.1942,0.813,3.557,18.31,1.377,0.609,9.38,4.62,4.94,1.508,-1.412,397.0,0.973,0.0,lr,0.0
families_speed_strict,valid,results_families_lim10-5-5_lift\lr_s2,drag+lift,lr,2,speed,,10.0,5.0,5.0,,400,2500,True,0.2434,1.019,2.179,8.95,1.428,0.604,7.87,4.92,4.99,2.142,-1.958,384.0,0.0,0.0,lr,0.0
families_speed_strict,valid,results_families_lim10-5-5_lift\wave_s1,drag+lift,wave,1,speed,,10.0,5.0,5.0,,400,2500,True,0.1976,0.827,2.431,12.3,0.9,0.659,2.17,4.71,4.91,1.413,-1.293,397.0,0.932,0.0,wave,0.0
families_speed_strict,valid,results_families_lim10-5-5_lift\wave_s2,drag+lift,wave,2,speed,,10.0,5.0,5.0,,400,2500,True,0.0887,0.371,0.4,4.51,0.342,0.744,8.51,2.73,4.19,0.238,-0.202,397.0,0.284,0.0,wave,0.0
speed_power,valid,results_pareto\drag_diag_v0.10_s1,drag,diag,1,power,0.1,10,10,15,0.05,400,2500,True,0.1088,0.455,0.486,4.46,0.424,0.75,1.82,2.31,10.87,0.0,0.049,396.0,0.0,0.0,diag,0.0
speed_power,valid,results_pareto\drag_diag_v0.10_s2,drag,diag,2,power,0.1,10,10,15,0.05,400,2500,True,0.1002,0.419,0.301,3.01,0.536,0.741,2.25,0.33,11.16,0.0,0.043,250.0,0.0,0.0,diag,0.0
speed_power,valid,results_pareto\drag_diag_v0.20_s1,drag,diag,1,power,0.2,10,10,15,0.05,400,2500,True,0.2106,0.881,5.086,24.15,2.168,0.498,0.49,0.43,9.99,0.0,0.03,400.0,0.974,0.0,diag,0.0
speed_power,valid,results_pareto\drag_diag_v0.20_s2,drag,diag,2,power,0.2,10,10,15,0.05,400,2500,True,0.2026,0.848,4.124,20.35,1.193,0.75,1.27,2.37,14.74,0.0,0.129,402.0,0.758,0.0,diag,0.0
speed_power,valid,results_pareto\drag_diag_v0.30_s1,drag,diag,1,power,0.3,10,10,15,0.05,400,2500,True,0.3017,1.263,6.073,20.12,1.391,0.75,0.64,2.65,11.45,0.0,0.196,446.0,1.0,0.0,diag,0.0
speed_power,valid,results_pareto\drag_diag_v0.30_s2,drag,diag,2,power,0.3,10,10,15,0.05,400,2500,True,0.3007,1.258,3.103,10.32,1.655,0.253,1.19,0.72,13.92,0.0,0.194,398.0,0.572,0.0,diag,0.0
speed_power,valid,results_pareto\drag_fb_v0.10_s1,drag,fb,1,power,0.1,10,10,15,0.05,400,2500,True,0.1015,0.425,0.39,3.84,0.659,0.446,0.0,0.0,9.24,0.0,0.053,272.0,0.0,0.0,fb,0.0
speed_power,valid,results_pareto\drag_fb_v0.10_s2,drag,fb,2,power,0.1,10,10,15,0.05,400,2500,True,0.1012,0.424,0.582,5.75,0.394,0.679,0.0,0.0,13.02,0.0,0.07,396.0,0.015,0.0,fb,0.0
speed_power,valid,results_pareto\drag_fb_v0.20_s1,drag,fb,1,power,0.2,10,10,15,0.05,400,2500,True,0.2029,0.849,3.476,17.13,1.45,0.251,0.0,0.0,13.72,0.0,0.077,397.0,0.846,0.0,fb,0.0
speed_power,valid,results_pareto\drag_fb_v0.20_s2,drag,fb,2,power,0.2,10,10,15,0.05,400,2500,True,0.2006,0.839,1.039,5.18,0.77,0.302,0.0,0.0,13.44,0.0,0.129,385.0,0.042,0.0,fb,0.0
speed_power,valid,results_pareto\drag_fb_v0.30_s1,drag,fb,1,power,0.3,10,10,15,0.05,400,2500,False,0.2918,1.221,8.751,29.99,2.474,0.35,0.0,0.0,10.5,0.0,0.147,402.0,1.0,0.0,fb,0.0
speed_power,valid,results_pareto\drag_fb_v0.30_s2,drag,fb,2,power,0.3,10,10,15,0.05,400,2500,True,0.3014,1.261,6.818,22.62,2.026,0.744,0.0,0.0,13.29,0.0,0.18,412.0,1.0,0.0,fb,0.0
speed_power,valid,results_pareto\drag_inphase_v0.10_s1,drag,inphase,1,power,0.1,10,10,15,0.05,400,2500,True,0.1009,0.422,0.501,4.97,0.766,0.745,0.0,0.0,14.56,0.0,0.069,280.0,0.0,0.0,inphase,0.0
speed_power,valid,results_pareto\drag_inphase_v0.10_s2,drag,inphase,2,power,0.1,10,10,15,0.05,400,2500,True,0.101,0.423,2.763,27.36,1.134,0.548,0.0,0.0,11.26,0.0,0.032,397.0,0.895,0.0,inphase,0.0
speed_power,valid,results_pareto\drag_inphase_v0.20_s1,drag,inphase,1,power,0.2,10,10,15,0.05,400,2500,True,0.2039,0.853,2.994,14.68,1.466,0.747,0.0,0.0,14.47,0.0,0.153,401.0,0.295,0.0,inphase,0.0
speed_power,valid,results_pareto\drag_inphase_v0.20_s2,drag,inphase,2,power,0.2,10,10,15,0.05,400,2500,True,0.2033,0.851,5.765,28.35,1.535,0.503,0.0,0.0,14.25,0.0,0.207,398.0,0.939,0.019,inphase,0.0
speed_power,valid,results_pareto\drag_inphase_v0.30_s1,drag,inphase,1,power,0.3,10,10,15,0.05,400,2500,False,0.2683,1.122,10.125,37.74,2.5,0.569,0.0,0.0,10.4,0.0,0.185,457.0,1.0,0.0,inphase,0.0
speed_power,valid,results_pareto\drag_inphase_v0.30_s2,drag,inphase,2,power,0.3,10,10,15,0.05,400,2500,False,0.2748,1.15,11.503,41.86,2.495,0.312,0.0,0.0,13.16,0.0,0.164,424.0,0.983,0.046,inphase,0.0
speed_power,valid,results_pareto\drag_lr_v0.10_s1,drag,lr,1,power,0.1,10,10,15,0.05,400,2500,True,0.1012,0.423,0.457,4.52,0.908,0.634,7.49,9.21,11.64,0.0,0.039,269.0,0.0,0.0,lr,0.0
speed_power,valid,results_pareto\drag_lr_v0.10_s2,drag,lr,2,power,0.1,10,10,15,0.05,400,2500,True,0.1013,0.424,0.328,3.23,0.68,0.75,9.0,9.92,7.43,0.0,0.052,242.0,0.0,0.0,lr,0.0
speed_power,valid,results_pareto\drag_lr_v0.20_s1,drag,lr,1,power,0.2,10,10,15,0.05,400,2500,True,0.2019,0.845,4.695,23.25,1.932,0.4,7.38,8.95,6.46,0.0,0.085,401.0,1.0,0.0,lr,0.0
speed_power,valid,results_pareto\drag_lr_v0.20_s2,drag,lr,2,power,0.2,10,10,15,0.05,400,2500,True,0.2025,0.847,2.344,11.58,1.754,0.691,7.08,9.64,7.38,0.0,0.12,393.0,0.0,0.0,lr,0.0
speed_power,valid,results_pareto\drag_lr_v0.30_s1,drag,lr,1,power,0.3,10,10,15,0.05,400,2500,True,0.3092,1.294,7.18,23.22,2.003,0.69,5.08,8.78,12.12,0.0,0.159,453.0,1.0,0.0,lr,0.0
speed_power,valid,results_pareto\drag_lr_v0.30_s2,drag,lr,2,power,0.3,10,10,15,0.05,400,2500,True,0.3032,1.269,4.359,14.38,2.402,0.749,4.64,9.61,13.48,0.0,0.198,403.0,0.974,0.0,lr,0.0
speed_power,valid,results_pareto\drag_wave_v0.10_s1,drag,wave,1,power,0.1,10,10,15,0.05,400,2500,True,0.1007,0.421,0.234,2.32,0.668,0.523,4.88,9.69,10.25,0.0,0.045,181.0,0.0,0.0,wave,0.0
speed_power,valid,results_pareto\drag_wave_v0.10_s2,drag,wave,2,power,0.1,10,10,15,0.05,400,2500,True,0.1017,0.426,0.802,7.89,0.483,0.458,9.45,2.38,11.17,0.0,0.055,356.0,0.0,0.0,wave,0.0
speed_power,valid,results_pareto\drag_wave_v0.20_s1,drag,wave,1,power,0.2,10,10,15,0.05,400,2500,True,0.2656,1.111,3.269,12.31,1.677,0.532,4.03,8.98,12.54,0.0,0.159,398.0,1.0,0.0,wave,0.0
speed_power,valid,results_pareto\drag_wave_v0.20_s2,drag,wave,2,power,0.2,10,10,15,0.05,400,2500,True,0.2002,0.838,7.449,37.2,1.707,0.298,8.65,3.87,9.95,0.0,0.049,407.0,1.0,0.0,wave,0.0
speed_power,valid,results_pareto\drag_wave_v0.30_s1,drag,wave,1,power,0.3,10,10,15,0.05,400,2500,True,0.3002,1.256,4.657,15.51,1.084,0.374,5.8,8.32,10.81,0.0,0.128,403.0,1.0,0.0,wave,0.0
speed_power,valid,results_pareto\drag_wave_v0.30_s2,drag,wave,2,power,0.3,10,10,15,0.05,400,2500,True,0.3035,1.27,3.754,12.37,1.545,0.372,5.72,8.38,11.7,0.0,0.142,402.0,1.0,0.0,wave,0.0
speed_power,valid,results_pareto\lift_diag_v0.10_s1,drag+lift,diag,1,power,0.1,10,10,15,0.05,400,2500,True,0.102,0.427,0.174,1.7,0.385,0.498,3.86,5.64,11.76,0.86,-0.792,140.0,0.0,0.0,diag,0.0
speed_power,valid,results_pareto\lift_diag_v0.10_s2,drag+lift,diag,2,power,0.1,10,10,15,0.05,400,2500,True,0.1,0.419,0.133,1.33,0.395,0.472,5.85,2.91,10.24,0.779,-0.698,102.0,0.0,0.0,diag,0.0
speed_power,valid,results_pareto\lift_diag_v0.20_s1,drag+lift,diag,1,power,0.2,10,10,15,0.05,400,2500,False,0.1914,0.801,1.27,6.63,0.597,0.496,0.58,0.62,11.5,1.852,-1.709,386.0,0.0,0.0,diag,0.0
speed_power,valid,results_pareto\lift_diag_v0.20_s2,drag+lift,diag,2,power,0.2,10,10,15,0.05,400,2500,True,0.2037,0.852,0.719,3.53,0.836,0.597,7.63,4.62,8.03,1.405,-1.277,335.0,0.0,0.0,diag,0.0
speed_power,valid,results_pareto\lift_diag_v0.30_s1,drag+lift,diag,1,power,0.3,10,10,15,0.05,400,2500,False,0.1702,0.712,0.534,3.13,0.503,0.504,3.04,3.94,11.52,1.698,-1.576,250.0,0.0,0.0,diag,0.0
speed_power,valid,results_pareto\lift_diag_v0.30_s2,drag+lift,diag,2,power,0.3,10,10,15,0.05,400,2500,False,0.2334,0.977,1.65,7.07,0.926,0.297,3.88,1.62,5.32,1.856,-1.728,398.0,0.595,0.0,diag,0.0
speed_power,valid,results_pareto\lift_fb_v0.10_s1,drag+lift,fb,1,power,0.1,10,10,15,0.05,400,2500,True,0.1044,0.437,0.243,2.33,1.274,0.353,0.0,0.0,6.16,0.651,-0.602,192.0,0.0,0.0,fb,0.0
speed_power,valid,results_pareto\lift_fb_v0.10_s2,drag+lift,fb,2,power,0.1,10,10,15,0.05,400,2500,True,0.1001,0.419,0.1,1.0,0.43,0.522,0.0,0.0,9.32,0.46,-0.41,122.0,0.0,0.0,fb,0.0
speed_power,valid,results_pareto\lift_fb_v0.20_s1,drag+lift,fb,1,power,0.2,10,10,15,0.05,400,2500,True,0.2041,0.854,1.897,9.29,0.995,0.75,0.0,0.0,9.47,1.33,-1.144,399.0,0.458,0.0,fb,0.0
speed_power,valid,results_pareto\lift_fb_v0.20_s2,drag+lift,fb,2,power,0.2,10,10,15,0.05,400,2500,True,0.2015,0.843,0.994,4.93,0.908,0.539,0.0,0.0,11.46,1.365,-1.216,354.0,0.0,0.0,fb,0.0
speed_power,valid,results_pareto\lift_fb_v0.30_s1,drag+lift,fb,1,power,0.3,10,10,15,0.05,400,2500,True,0.3004,1.257,1.586,5.28,1.395,0.51,0.0,0.0,13.6,3.157,-2.885,269.0,0.0,0.0,fb,0.0
speed_power,valid,results_pareto\lift_fb_v0.30_s2,drag+lift,fb,2,power,0.3,10,10,15,0.05,400,2500,True,0.3006,1.258,0.975,3.24,0.783,0.282,0.0,0.0,12.0,2.219,-2.037,393.0,0.111,0.017,fb,0.0
speed_power,valid,results_pareto\lift_inphase_v0.10_s1,drag+lift,inphase,1,power,0.1,10,10,15,0.05,400,2500,True,0.1038,0.434,0.254,2.44,0.39,0.504,0.0,0.0,13.19,0.945,-0.859,186.0,0.0,0.0,inphase,0.0
speed_power,valid,results_pareto\lift_inphase_v0.10_s2,drag+lift,inphase,2,power,0.1,10,10,15,0.05,400,2500,True,0.1012,0.423,0.134,1.32,0.555,0.514,0.0,0.0,12.58,0.624,-0.588,169.0,0.0,0.0,inphase,0.0
speed_power,valid,results_pareto\lift_inphase_v0.20_s1,drag+lift,inphase,1,power,0.2,10,10,15,0.05,400,2500,True,0.2034,0.851,0.553,2.72,1.081,0.512,0.0,0.0,12.19,1.773,-1.587,215.0,0.0,0.0,inphase,0.0
speed_power,valid,results_pareto\lift_inphase_v0.20_s2,drag+lift,inphase,2,power,0.2,10,10,15,0.05,400,2500,True,0.2009,0.841,0.594,2.95,1.043,0.539,0.0,0.0,13.06,1.827,-1.682,242.0,0.0,0.0,inphase,0.0
speed_power,valid,results_pareto\lift_inphase_v0.30_s1,drag+lift,inphase,1,power,0.3,10,10,15,0.05,400,2500,True,0.3003,1.257,1.574,5.24,0.996,0.268,0.0,0.0,14.89,2.505,-2.315,401.0,0.227,0.0,inphase,0.0
speed_power,valid,results_pareto\lift_inphase_v0.30_s2,drag+lift,inphase,2,power,0.3,10,10,15,0.05,400,2500,True,0.3015,1.262,2.634,8.74,1.269,0.489,0.0,0.0,5.62,3.282,-3.054,396.0,0.932,0.0,inphase,0.0
speed_power,valid,results_pareto\lift_lr_v0.10_s1,drag+lift,lr,1,power,0.1,10,10,15,0.05,400,2500,True,0.1021,0.427,0.165,1.62,1.009,0.505,6.19,8.08,3.13,0.629,-0.587,193.0,0.0,0.0,lr,0.0
speed_power,valid,results_pareto\lift_lr_v0.10_s2,drag+lift,lr,2,power,0.1,10,10,15,0.05,400,2500,True,0.1029,0.431,0.162,1.58,0.93,0.527,1.14,9.75,4.26,0.606,-0.563,162.0,0.0,0.0,lr,0.0
speed_power,valid,results_pareto\lift_lr_v0.20_s1,drag+lift,lr,1,power,0.2,10,10,15,0.05,400,2500,True,0.2007,0.84,0.575,2.87,1.323,0.395,2.58,9.18,6.72,1.519,-1.372,194.0,0.0,0.0,lr,0.0
speed_power,valid,results_pareto\lift_lr_v0.20_s2,drag+lift,lr,2,power,0.2,10,10,15,0.05,400,2500,False,0.1257,0.526,1.102,8.77,0.675,0.295,9.6,9.83,13.6,0.798,-0.671,397.0,0.409,0.0,lr,0.0
speed_power,valid,results_pareto\lift_lr_v0.30_s1,drag+lift,lr,1,power,0.3,10,10,15,0.05,400,2500,False,0.2319,0.97,2.112,9.1,0.67,0.656,5.34,9.29,8.56,2.01,-1.853,398.0,0.675,0.0,lr,0.0
speed_power,valid,results_pareto\lift_lr_v0.30_s2,drag+lift,lr,2,power,0.3,10,10,15,0.05,400,2500,False,0.1795,0.751,0.806,4.49,0.582,0.546,4.59,9.77,12.62,1.588,-1.387,317.0,0.0,0.0,lr,0.0
speed_power,valid,results_pareto\lift_wave_v0.10_s1,drag+lift,wave,1,power,0.1,10,10,15,0.05,400,2500,True,0.1016,0.425,0.135,1.33,0.421,0.494,6.9,7.9,5.92,0.49,-0.433,101.0,0.0,0.0,wave,0.0
speed_power,valid,results_pareto\lift_wave_v0.10_s2,drag+lift,wave,2,power,0.1,10,10,15,0.05,400,2500,True,0.1009,0.422,0.36,3.57,0.602,0.404,5.8,9.28,11.4,0.576,-0.449,268.0,0.0,0.0,wave,0.0
speed_power,valid,results_pareto\lift_wave_v0.20_s1,drag+lift,wave,1,power,0.2,10,10,15,0.05,400,2500,True,0.2019,0.845,0.777,3.85,0.599,0.497,5.61,5.11,10.05,1.328,-1.189,285.0,0.0,0.0,wave,0.0
speed_power,valid,results_pareto\lift_wave_v0.20_s2,drag+lift,wave,2,power,0.2,10,10,15,0.05,400,2500,True,0.2014,0.843,0.566,2.81,0.627,0.574,5.28,9.58,13.05,1.574,-1.438,261.0,0.0,0.0,wave,0.0
speed_power,valid,results_pareto\lift_wave_v0.30_s1,drag+lift,wave,1,power,0.3,10,10,15,0.05,400,2500,False,0.1049,0.439,0.405,3.86,0.391,0.258,9.82,9.39,10.24,0.584,-0.556,397.0,0.229,0.0,wave,0.0
speed_power,valid,results_pareto\lift_wave_v0.30_s2,drag+lift,wave,2,power,0.3,10,10,15,0.05,400,2500,False,0.2736,1.145,2.693,9.84,0.84,0.641,3.86,9.03,8.14,2.184,-2.026,398.0,1.0,0.0,wave,0.0
drag_vs_lift_2x2_preservo,WITHDRAWN (no servo speed limit),results_cmp\drag_free_s1,drag,free,1,speed,,180,180,180,,,4000,True,0.6851,2.866,45.289,66.11,2.409,0.56,21.77,51.37,18.38,0.0,0.975,nan,nan,nan,fb,0.195
drag_vs_lift_2x2_preservo,WITHDRAWN (no servo speed limit),results_cmp\drag_free_s2,drag,free,2,speed,,180,180,180,,,4000,True,1.1971,5.009,94.353,78.82,2.5,0.75,28.7,51.35,22.84,0.0,1.952,nan,nan,nan,inphase,0.123
drag_vs_lift_2x2_preservo,WITHDRAWN (no servo speed limit),results_cmp\drag_free_s3,drag,free,3,speed,,180,180,180,,,4000,True,0.4036,1.689,74.137,183.7,2.405,0.712,12.44,60.62,13.1,0.0,0.47,nan,nan,nan,fb,0.147
drag_vs_lift_2x2_preservo,WITHDRAWN (no servo speed limit),results_cmp\drag_limits_s1,drag,free,1,speed,,10,10,15,,,4000,True,0.1746,0.73,2.601,14.9,1.564,0.46,8.12,6.05,6.88,0.0,0.195,nan,nan,nan,wave,0.109
drag_vs_lift_2x2_preservo,WITHDRAWN (no servo speed limit),results_cmp\drag_limits_s2,drag,free,2,speed,,10,10,15,,,4000,True,0.336,1.406,9.159,27.26,1.727,0.252,7.06,6.68,9.13,0.0,0.343,nan,nan,nan,inphase,0.181
drag_vs_lift_2x2_preservo,WITHDRAWN (no servo speed limit),results_cmp\drag_limits_s3,drag,free,3,speed,,10,10,15,,,4000,True,0.311,1.301,9.363,30.11,1.879,0.503,5.87,6.51,9.59,0.0,0.362,nan,nan,nan,wave,0.165
drag_vs_lift_2x2_preservo,WITHDRAWN (no servo speed limit),results_cmp\lift_free_s1,drag+lift,free,1,speed,,180,180,180,,,4000,True,0.4789,2.004,14.801,30.91,2.012,0.738,28.29,70.84,18.95,7.794,-7.199,nan,nan,nan,fb,0.196
drag_vs_lift_2x2_preservo,WITHDRAWN (no servo speed limit),results_cmp\lift_free_s2,drag+lift,free,2,speed,,180,180,180,,,4000,True,0.375,1.569,57.426,153.14,2.481,0.386,55.17,106.46,34.86,15.489,-14.938,nan,nan,nan,diag,0.1
drag_vs_lift_2x2_preservo,WITHDRAWN (no servo speed limit),results_cmp\lift_free_s3,drag+lift,free,3,speed,,180,180,180,,,4000,True,0.3686,1.542,41.537,112.68,2.495,0.594,127.82,99.64,35.78,8.388,-8.088,nan,nan,nan,inphase,0.225
drag_vs_lift_2x2_preservo,WITHDRAWN (no servo speed limit),results_cmp\lift_limits_s1,drag+lift,free,1,speed,,10,10,15,,,4000,True,0.1931,0.808,2.284,11.83,0.693,0.433,8.25,8.99,8.96,1.415,-1.237,nan,nan,nan,fb,0.17
drag_vs_lift_2x2_preservo,WITHDRAWN (no servo speed limit),results_cmp\lift_limits_s2,drag+lift,free,2,speed,,10,10,15,,,4000,True,0.2156,0.902,3.47,16.09,1.881,0.464,7.23,5.18,7.85,1.735,-1.485,nan,nan,nan,diag,0.102
drag_vs_lift_2x2_preservo,WITHDRAWN (no servo speed limit),results_cmp\lift_limits_s3,drag+lift,free,3,speed,,10,10,15,,,4000,True,0.252,1.055,3.514,13.94,1.277,0.253,9.73,7.59,7.87,2.049,-1.802,nan,nan,nan,fb,0.165
